Episode,Reward,Epsilon,Avg Reward
0,-0.6890000000000002,0.9973809999999893,[-0.6890000000000002]
1,-0.6990000000000002,0.9940959999999759,[-0.6940000000000002]
2,-0.6990000000000002,0.9912339999999642,[-0.6956666666666669]
3,1.0010000000000219,0.9876429999999495,[-0.2714999999999947]
4,-0.6990000000000002,0.9834849999999326,[-0.35699999999999577]
5,0.5010000000000219,0.9787779999999133,[-0.21399999999999283]
6,-0.6990000000000002,0.9754749999998998,[-0.28328571428570815]
7,-0.6990000000000002,0.9715419999998838,[-0.33524999999999466]
8,-0.6990000000000002,0.9686439999998719,[-0.37566666666666193]
9,0.5010000000000219,0.9658359999998605,[-0.2879999999999936]
10,1.501000000000022,0.9628389999998482,[-0.12536363636362854]
11,-0.6990000000000002,0.9598779999998361,[-0.1731666666666595]
12,-0.6990000000000002,0.9558549999998197,[-0.21361538461537805]
13,-0.6990000000000002,0.9521289999998045,[-0.2482857142857082]
14,-0.6990000000000002,0.9490239999997918,[-0.27833333333332766]
15,-0.6990000000000002,0.9464499999997813,[-0.3046249999999947]
16,1.501000000000022,0.9421839999997639,[-0.19841176470587607]
17,-0.6990000000000002,0.9389619999997507,[-0.2262222222222163]
18,-0.6990000000000002,0.9359649999997385,[-0.2511052631578891]
19,-0.6990000000000002,0.9325449999997245,[-0.27349999999999464]
20,-0.6990000000000002,0.9292689999997111,[-0.2937619047618997]
21,-0.6990000000000002,0.9262089999996986,[-0.3121818181818133]
22,0.5390000000000066,0.9200889999996736,[-0.27517391304347333]
23,0.7010000000000218,0.9158499999996563,[-0.23449999999999435]
24,-0.6990000000000002,0.9117549999996396,[-0.2530799999999946]
25,1.501000000000022,0.9061209999996166,[-0.18561538461537855]
26,-0.6990000000000002,0.9030609999996041,[-0.20462962962962378]
27,0.5010000000000219,0.8996679999995902,[-0.17942857142856503]
28,-0.6990000000000002,0.89470899999957,[-0.1973448275862007]
29,-1.101,0.8897589999995498,[-0.22746666666666068]
30,-0.6990000000000002,0.8869509999995383,[-0.24267741935483292]
31,-0.6990000000000002,0.8830719999995225,[-0.25693749999999443]
32,0.5010000000000219,0.878544999999504,[-0.23396969696969092]
33,1.2010000000000218,0.8735589999994836,[-0.19176470588234643]
34,-0.6990000000000002,0.8693829999994666,[-0.20625714285713653]
35,3.001000000000022,0.8654589999994505,[-0.11716666666665991]
36,-0.6990000000000002,0.8621019999994368,[-0.1328918918918853]
37,1.7010000000000218,0.859203999999425,[-0.08463157894736144]
38,-0.6990000000000002,0.8561619999994126,[-0.10038461538460859]
39,-0.6990000000000002,0.8518419999993949,[-0.11534999999999337]
40,-0.6990000000000002,0.8484579999993811,[-0.12958536585365207]
41,2.201000000000022,0.8443539999993643,[-0.07409523809523126]
42,-0.6990000000000002,0.8412939999993518,[-0.08862790697673752]
43,0.5010000000000219,0.8368479999993337,[-0.07522727272726572]
44,0.7010000000000218,0.8307189999993086,[-0.05797777777777043]
45,-0.6990000000000002,0.8279019999992971,[-0.0719130434782537]
46,-0.6990000000000002,0.8246169999992837,[-0.08525531914892916]
47,-0.6990000000000002,0.8213049999992702,[-0.09804166666665982]
48,1.0010000000000219,0.8164539999992504,[-0.07561224489795204]
49,-0.6990000000000002,0.8124219999992339,[-0.088079999999993]
50,-0.6990000000000002,0.80655399999921,[-0.1000588235294049]
51,-0.6990000000000002,0.8029359999991952,[-0.11157692307691634]
52,0.5010000000000219,0.797985999999175,[-0.10001886792452128]
53,-0.6990000000000002,0.7932249999991555,[-0.11111111111110422]
54,-0.6990000000000002,0.7883109999991355,[-0.12179999999999323]
55,-0.6990000000000002,0.7852779999991231,[-0.13210714285713626]
56,0.3009999999999998,0.7796799999991002,[-0.12450877192981807]
57,-0.6990000000000002,0.7762869999990863,[-0.1344137931034419]
58,-0.6990000000000002,0.7724529999990707,[-0.14398305084745136]
59,-0.6990000000000002,0.7693929999990582,[-0.15323333333332717]
60,-0.6990000000000002,0.7645149999990383,[-0.1621803278688464]
61,-0.6990000000000002,0.7603749999990214,[-0.17083870967741338]
62,-0.6990000000000002,0.7579719999990115,[-0.17922222222221634]
63,-0.6990000000000002,0.7554429999990012,[-0.1873437499999942]
64,1.0010000000000219,0.7505649999989813,[-0.1690615384615324]
65,-0.6990000000000002,0.7457409999989616,[-0.17709090909090314]
66,-0.6990000000000002,0.7409169999989419,[-0.1848805970149195]
67,-0.6990000000000002,0.7363539999989233,[-0.19244117647058245]
68,2.201000000000022,0.7308459999989008,[-0.15775362318839978]
69,-0.6990000000000002,0.7250859999988772,[-0.16548571428570835]
70,-0.6990000000000002,0.7225479999988669,[-0.17299999999999413]
71,-0.49900000000000017,0.7167339999988431,[-0.17752777777777207]
72,1.501000000000022,0.7134489999988297,[-0.15453424657533654]
73,0.8010000000000215,0.7104519999988175,[-0.14162162162161548]
74,0.5010000000000219,0.7074189999988051,[-0.13305333333332697]
75,2.001000000000022,0.7026489999987856,[-0.10497368421051974]
76,0.8010000000000215,0.6971319999987631,[-0.09320779220778544]
77,1.5010000000000159,0.6899139999987336,[-0.0727692307692239]
78,-0.49900000000000017,0.6852969999987147,[-0.07816455696201853]
79,-0.6990000000000002,0.6811209999986977,[-0.08592499999999328]
80,-0.6990000000000002,0.6785919999986874,[-0.0934938271604872]
81,-0.6990000000000002,0.6757389999986757,[-0.10087804878048126]
82,-0.6990000000000002,0.672147999998661,[-0.10808433734939113]
83,-0.6990000000000002,0.6666939999986388,[-0.11511904761904124]
84,1.0010000000000219,0.6618069999986188,[-0.10198823529411107]
85,1.7010000000000223,0.6569739999985991,[-0.08102325581394673]
86,-0.6990000000000002,0.6538239999985862,[-0.08812643678160252]
87,1.2010000000000218,0.650106999998571,[-0.07347727272726591]
88,-0.6990000000000002,0.6461109999985547,[-0.08050561797752136]
89,-0.6990000000000002,0.6400989999985301,[-0.08737777777777112]
90,-0.6990000000000002,0.6372639999985186,[-0.0940989010988945]
91,0.5010000000000219,0.6319449999984968,[-0.08763043478260193]
92,-0.6990000000000002,0.6289389999984846,[-0.09420430107526212]
93,0.5010000000000219,0.6209379999984519,[-0.08787234042552505]
94,-0.6990000000000002,0.6178869999984394,[-0.09430526315788794]
95,-0.6990000000000002,0.615078999998428,[-0.10060416666665994]
96,-0.6990000000000002,0.6122979999984166,[-0.106773195876282]
97,1.0010000000000219,0.6045129999983848,[-0.09546938775509523]
98,-0.49900000000000017,0.5944599999983438,[-0.0995454545454478]
99,-0.6990000000000002,0.5864229999983109,[-0.10553999999999332]
100,-0.49900000000000017,0.5758209999982676,[-0.10943564356434983]
101,2.201000000000022,0.5682069999982365,[-0.08082178217821102]
102,-0.6990000000000002,0.5651919999982242,[-0.080821782178211]
103,-0.6990000000000002,0.5604129999982047,[-0.08082178217821102]
104,-0.6990000000000002,0.5572629999981918,[-0.09765346534652805]
105,-0.6990000000000002,0.5538519999981779,[-0.09765346534652805]
106,-0.6990000000000002,0.5495679999981604,[-0.10953465346534015]
107,-0.49900000000000017,0.5415039999981275,[-0.10755445544553818]
108,-0.6990000000000002,0.5304159999980822,[-0.10755445544553817]
109,0.8010000000000204,0.5208039999980429,[-0.09270297029702312]
110,-0.6990000000000002,0.5153229999980206,[-0.10458415841583521]
111,-0.6990000000000002,0.5128119999980103,[-0.1263663366336572]
112,-0.6990000000000002,0.5091939999979955,[-0.1263663366336572]
113,-0.6990000000000002,0.5043609999979758,[-0.1263663366336572]
114,-0.6990000000000002,0.5006439999979606,[-0.12636633663365718]
115,-0.49900000000000017,0.4867119999979857,[-0.12438613861385522]
116,-0.6990000000000002,0.4830669999979933,[-0.12438613861385522]
117,-0.6990000000000002,0.4786569999980025,[-0.14616831683167722]
118,-0.6990000000000002,0.47603799999800794,[-0.14616831683167722]
119,-0.6990000000000002,0.47055699999801937,[-0.14616831683167722]
120,-0.6990000000000002,0.4655889999980297,[-0.14616831683167722]
121,-0.6990000000000002,0.46006299999804123,[-0.14616831683167722]
122,-0.6990000000000002,0.4575339999980465,[-0.14616831683167722]
123,-0.6990000000000002,0.4549419999980519,[-0.15842574257425152]
124,-0.6990000000000002,0.45035199999806147,[-0.1722871287128656]
125,-0.49900000000000017,0.440991999998081,[-0.17030693069306366]
126,-0.6990000000000002,0.43808499999808703,[-0.19208910891088568]
127,-0.6990000000000002,0.4316679999981004,[-0.1920891089108857]
128,-0.6990000000000002,0.4262049999981118,[-0.2039702970296978]
129,-0.6990000000000002,0.42262299999811925,[-0.2039702970296978]
130,-0.6990000000000002,0.4201119999981245,[-0.19999009900989584]
131,-0.6990000000000002,0.41633199999813236,[-0.19999009900989584]
132,-0.6990000000000002,0.4138569999981375,[-0.1999900990098958]
133,-0.6990000000000002,0.4091679999981473,[-0.21187128712870792]
134,-0.6990000000000002,0.40376799999815854,[-0.23068316831682692]
135,-0.6990000000000002,0.40069899999816494,[-0.23068316831682698]
136,-0.6990000000000002,0.39240099999818223,[-0.2673168316831638]
137,-0.6990000000000002,0.3856059999981964,[-0.2673168316831638]
138,-0.6990000000000002,0.3831129999982016,[-0.2910792079207878]
139,-0.6990000000000002,0.3802329999982076,[-0.29107920792078784]
140,-0.6990000000000002,0.3701079999982287,[-0.2910792079207878]
141,-0.6990000000000002,0.36187299999824585,[-0.2910792079207878]
142,0.3009999999999998,0.35659899999825684,[-0.30989108910890684]
143,-0.6990000000000002,0.3534489999982634,[-0.30989108910890684]
144,0.8010000000000215,0.33975099999829195,[-0.3069207920792038]
145,-0.6990000000000002,0.33249699999830706,[-0.32078217821781785]
146,-0.6990000000000002,0.32990499999831246,[-0.3207821782178179]
147,-0.6990000000000002,0.3265659999983194,[-0.3207821782178179]
148,-0.6990000000000002,0.3241359999983245,[-0.3207821782178179]
149,-0.6990000000000002,0.3202389999983326,[-0.33761386138613486]
150,-0.6990000000000002,0.3175659999983382,[-0.33761386138613486]
151,-0.6990000000000002,0.31542399999834264,[-0.33761386138613486]
152,-0.6990000000000002,0.31202199999834973,[-0.33761386138613486]
153,-0.29900000000000015,0.30712599999835993,[-0.34553465346534296]
154,-0.6990000000000002,0.30332799999836785,[-0.34553465346534296]
155,-0.6990000000000002,0.2976759999983796,[-0.34553465346534296]
156,-0.6990000000000002,0.28988199999839587,[-0.34553465346534296]
157,-0.6990000000000002,0.2860749999984038,[-0.35543564356435287]
158,-0.6990000000000002,0.2774889999984217,[-0.35543564356435287]
159,-0.6990000000000002,0.2751309999984266,[-0.35543564356435287]
160,-0.6990000000000002,0.26988399999843754,[-0.35543564356435287]
161,-0.6990000000000002,0.26666199999844425,[-0.35543564356435287]
162,-0.6990000000000002,0.26411499999844956,[-0.35543564356435287]
163,-0.49900000000000017,0.2609649999984561,[-0.35345544554455094]
164,-0.6990000000000002,0.2583369999984616,[-0.35345544554455094]
165,-0.6990000000000002,0.24876099999847773,[-0.370287128712868]
166,-0.6990000000000002,0.24620499999847517,[-0.370287128712868]
167,-0.6990000000000002,0.24039999999846937,[-0.370287128712868]
168,-0.6990000000000002,0.2365209999984655,[-0.3702871287128679]
169,-0.6990000000000002,0.2326239999984616,[-0.3989999999999968]
170,-0.6990000000000002,0.23030199999845927,[-0.3989999999999968]
171,-0.6990000000000002,0.22269699999845166,[-0.3989999999999968]
172,-0.6990000000000002,0.2177379999984467,[-0.40098019801979884]
173,-0.6990000000000002,0.2085399999984375,[-0.4227623762376208]
174,-0.6990000000000002,0.2061459999984351,[-0.4376138613861359]
175,-0.6990000000000002,0.20248299999843145,[-0.44949504950494795]
176,-0.49900000000000017,0.19420299999842316,[-0.474247524752473]
177,-0.6990000000000002,0.18407799999841304,[-0.4890990099009881]
178,-0.6990000000000002,0.17630199999840526,[-0.51088118811881]
179,0.3009999999999998,0.16309899999839206,[-0.5029603960396021]
180,-0.6990000000000002,0.1604349999983894,[-0.5029603960396021]
181,-0.49900000000000017,0.15438699999838335,[-0.5009801980198001]
182,-0.49900000000000017,0.14121099999837017,[-0.49899999999999817]
183,-0.6990000000000002,0.13847499999836743,[-0.49899999999999817]
184,-0.6990000000000002,0.13598199999836494,[-0.49899999999999817]
185,-0.49900000000000017,0.13258899999836155,[-0.5138514851485132]
186,-0.6990000000000002,0.12682899999835578,[-0.5376138613861372]
187,-0.49900000000000017,0.11983599999835676,[-0.5356336633663352]
188,-0.6990000000000002,0.11384199999836,[-0.5544455445544542]
189,-0.6990000000000002,0.10723599999836358,[-0.5544455445544543]
190,-0.6990000000000002,0.10486899999836487,[-0.5544455445544542]
191,-0.6990000000000002,0.1,[-0.5544455445544542]
192,-0.6990000000000002,0.1,[-0.5663267326732663]
193,-0.6990000000000002,0.1,[-0.5663267326732663]
194,-0.6990000000000002,0.1,[-0.5782079207920784]
195,-0.6990000000000002,0.1,[-0.5782079207920784]
196,-0.6990000000000002,0.1,[-0.5782079207920784]
197,-0.6990000000000002,0.1,[-0.5782079207920784]
198,-0.6990000000000002,0.1,[-0.5950396039603953]
199,-0.6990000000000002,0.1,[-0.5970198019801973]
200,-0.6990000000000002,0.1,[-0.5970198019801973]
201,-0.6990000000000002,0.1,[-0.5989999999999994]
202,-0.6990000000000002,0.1,[-0.6277128712871283]
203,-0.6990000000000002,0.1,[-0.6277128712871283]
204,-0.6990000000000002,0.1,[-0.6277128712871283]
205,-0.6990000000000002,0.1,[-0.6277128712871283]
206,-0.6990000000000002,0.1,[-0.6277128712871283]
207,-0.6990000000000002,0.1,[-0.6277128712871283]
208,-0.6990000000000002,0.1,[-0.6296930693069303]
209,-0.6990000000000002,0.1,[-0.6296930693069303]
210,-0.6400000000000001,0.1,[-0.6439603960396038]
211,-0.49900000000000017,0.1,[-0.6419801980198018]
212,1.7010000000000218,0.1,[-0.6182178217821778]
213,-0.6990000000000002,0.1,[-0.6182178217821779]
214,-0.6990000000000002,0.1,[-0.6182178217821779]
215,-0.6990000000000002,0.1,[-0.6182178217821779]
216,-0.6990000000000002,0.1,[-0.6201980198019797]
217,-0.6990000000000002,0.1,[-0.6201980198019797]
218,-0.6990000000000002,0.1,[-0.6201980198019797]
219,-0.6990000000000002,0.1,[-0.6201980198019797]
220,-0.49900000000000017,0.1,[-0.6182178217821778]
221,0.8010000000000144,0.1,[-0.6033663366336628]
222,-0.49900000000000017,0.1,[-0.6013861386138609]
223,-0.6990000000000002,0.1,[-0.6013861386138609]
224,-0.6990000000000002,0.1,[-0.6013861386138608]
225,-0.6990000000000002,0.1,[-0.6013861386138608]
226,-0.6990000000000002,0.1,[-0.6033663366336629]
227,-0.6990000000000002,0.1,[-0.6033663366336628]
228,-0.6990000000000002,0.1,[-0.6033663366336628]
229,-0.6990000000000002,0.1,[-0.6033663366336628]
230,0.8010000000000148,0.1,[-0.5885148514851478]
231,-0.49900000000000017,0.1,[-0.5865346534653458]
232,-0.6990000000000002,0.1,[-0.5865346534653458]
233,-0.6990000000000002,0.1,[-0.5865346534653458]
234,-0.6990000000000002,0.1,[-0.5865346534653458]
235,-0.6990000000000002,0.1,[-0.5865346534653458]
236,-0.6990000000000002,0.1,[-0.5865346534653458]
237,-0.6990000000000002,0.1,[-0.5865346534653458]
238,-0.6990000000000002,0.1,[-0.5865346534653458]
239,-0.6990000000000002,0.1,[-0.5865346534653458]
240,0.5010000000000219,0.1,[-0.5746534653465337]
241,-0.49900000000000017,0.1,[-0.5726732673267317]
242,-0.6990000000000002,0.1,[-0.5726732673267317]
243,-0.6990000000000002,0.1,[-0.5825742574257416]
244,-0.6990000000000002,0.1,[-0.5825742574257416]
245,-0.49900000000000017,0.1,[-0.5954455445544548]
246,-0.6990000000000002,0.1,[-0.5954455445544548]
247,-0.6990000000000002,0.1,[-0.5954455445544548]
248,-0.29900000000000015,0.1,[-0.5914851485148507]
249,-0.49900000000000017,0.1,[-0.5895049504950489]
250,-0.6990000000000002,0.1,[-0.5895049504950488]
251,-0.6990000000000002,0.1,[-0.5895049504950489]
252,-0.49900000000000017,0.1,[-0.5875247524752469]
253,-0.6990000000000002,0.1,[-0.5875247524752468]
254,-0.6990000000000002,0.1,[-0.5914851485148508]
255,-0.6990000000000002,0.1,[-0.5914851485148508]
256,-0.6990000000000002,0.1,[-0.5914851485148508]
257,-0.6990000000000002,0.1,[-0.5914851485148507]
258,-0.6990000000000002,0.1,[-0.5914851485148508]
259,-0.6990000000000002,0.1,[-0.5914851485148508]
260,-0.6990000000000002,0.1,[-0.5914851485148507]
261,-0.6990000000000002,0.1,[-0.5914851485148507]
262,-0.6990000000000002,0.1,[-0.5914851485148508]
263,-0.6990000000000002,0.1,[-0.5914851485148508]
264,-0.6990000000000002,0.1,[-0.5934653465346528]
265,-0.6990000000000002,0.1,[-0.5934653465346528]
266,-0.6990000000000002,0.1,[-0.5934653465346528]
267,-0.6990000000000002,0.1,[-0.5934653465346528]
268,-0.49900000000000017,0.1,[-0.5914851485148508]
269,-0.6990000000000002,0.1,[-0.5914851485148508]
270,-0.6990000000000002,0.1,[-0.5914851485148508]
271,-0.6990000000000002,0.1,[-0.5914851485148509]
272,-0.6990000000000002,0.1,[-0.5914851485148508]
273,-0.29900000000000015,0.1,[-0.5875247524752468]
274,-0.6990000000000002,0.1,[-0.5875247524752468]
275,-0.6990000000000002,0.1,[-0.5875247524752468]
276,-0.6990000000000002,0.1,[-0.5875247524752468]
277,-0.49900000000000017,0.1,[-0.5875247524752468]
278,-0.6990000000000002,0.1,[-0.5875247524752468]
279,-0.6990000000000002,0.1,[-0.5875247524752468]
280,-0.6990000000000002,0.1,[-0.5974257425742567]
281,-0.6990000000000002,0.1,[-0.5974257425742567]
282,-0.49900000000000017,0.1,[-0.5974257425742567]
283,-0.6990000000000002,0.1,[-0.5994059405940587]
284,1.0010000000000219,0.1,[-0.5825742574257416]
285,-0.6990000000000002,0.1,[-0.5825742574257416]
286,0.5010000000000219,0.1,[-0.5726732673267316]
287,-0.6990000000000002,0.1,[-0.5726732673267316]
288,-0.6990000000000002,0.1,[-0.5746534653465336]
289,-0.6990000000000002,0.1,[-0.5746534653465335]
290,-0.6990000000000002,0.1,[-0.5746534653465335]
291,-0.6990000000000002,0.1,[-0.5746534653465335]
292,-0.6990000000000002,0.1,[-0.5746534653465335]
293,-0.6990000000000002,0.1,[-0.5746534653465335]
294,-0.6990000000000002,0.1,[-0.5746534653465335]
295,-0.6990000000000002,0.1,[-0.5746534653465335]
296,-0.6990000000000002,0.1,[-0.5746534653465335]
297,0.3009999999999998,0.1,[-0.5647524752475236]
298,1.0010000000000219,0.1,[-0.5479207920792065]
299,-0.49900000000000017,0.1,[-0.5459405940594046]
300,-0.6990000000000002,0.1,[-0.5459405940594046]
301,-0.6990000000000002,0.1,[-0.5459405940594046]
302,-0.6990000000000002,0.1,[-0.5459405940594046]
303,-0.29900000000000015,0.1,[-0.5419801980198007]
304,-0.6990000000000002,0.1,[-0.5419801980198006]
305,-0.6990000000000002,0.1,[-0.5419801980198007]
306,-0.6990000000000002,0.1,[-0.5419801980198006]
307,-0.49900000000000017,0.1,[-0.5399999999999987]
308,1.0010000000000219,0.1,[-0.5231683168316817]
309,-0.6990000000000002,0.1,[-0.5231683168316817]
310,-0.6990000000000002,0.1,[-0.5231683168316816]
311,-0.6990000000000002,0.1,[-0.5237524752475233]
312,-0.6990000000000002,0.1,[-0.5257326732673252]
313,-0.6990000000000002,0.1,[-0.5494950495049491]
314,-0.6990000000000002,0.1,[-0.5494950495049491]
315,-0.6990000000000002,0.1,[-0.5494950495049491]
316,-0.6990000000000002,0.1,[-0.5494950495049491]
317,-0.49900000000000017,0.1,[-0.5475148514851471]
318,-0.6990000000000002,0.1,[-0.5475148514851472]
319,-0.6990000000000002,0.1,[-0.5475148514851471]
320,-0.6990000000000002,0.1,[-0.5475148514851472]
321,-0.6990000000000002,0.1,[-0.5494950495049491]
322,-0.6990000000000002,0.1,[-0.5643465346534641]
323,-0.6990000000000002,0.1,[-0.566326732673266]
324,-0.49900000000000017,0.1,[-0.5643465346534642]
325,-0.29900000000000015,0.1,[-0.5603861386138601]
326,-0.6990000000000002,0.1,[-0.5603861386138602]
327,-0.6990000000000002,0.1,[-0.5603861386138601]
328,-0.6990000000000002,0.1,[-0.5603861386138602]
329,-0.49900000000000017,0.1,[-0.5584059405940582]
330,-0.6990000000000002,0.1,[-0.5584059405940582]
331,2.001000000000022,0.1,[-0.5465247524752463]
332,-0.6990000000000002,0.1,[-0.5485049504950483]
333,1.0010000000000219,0.1,[-0.5316732673267313]
334,-0.6990000000000002,0.1,[-0.5316732673267313]
335,-0.49900000000000017,0.1,[-0.5296930693069293]
336,0.8010000000000139,0.1,[-0.5148415841584143]
337,-0.6990000000000002,0.1,[-0.5148415841584143]
338,-0.6990000000000002,0.1,[-0.5148415841584143]
339,-0.6990000000000002,0.1,[-0.5148415841584142]
340,-0.6990000000000002,0.1,[-0.5148415841584143]
341,-0.49900000000000017,0.1,[-0.5247425742574243]
342,-0.6990000000000002,0.1,[-0.5267227722772264]
343,-0.6990000000000002,0.1,[-0.5267227722772264]
344,-0.49900000000000017,0.1,[-0.5247425742574244]
345,-0.6990000000000002,0.1,[-0.5247425742574244]
346,-0.49900000000000017,0.1,[-0.5247425742574244]
347,-0.6990000000000002,0.1,[-0.5247425742574244]
348,1.2010000000000218,0.1,[-0.5059306930693054]
349,-0.6990000000000002,0.1,[-0.5098910891089093]
350,-0.6990000000000002,0.1,[-0.5118712871287113]
351,-0.6990000000000002,0.1,[-0.5118712871287113]
352,-0.49900000000000017,0.1,[-0.5098910891089093]
353,0.7010000000000083,0.1,[-0.4980099009900974]
354,-0.6990000000000002,0.1,[-0.4980099009900974]
355,-0.6990000000000002,0.1,[-0.4980099009900974]
356,-0.6990000000000002,0.1,[-0.49800990099009734]
357,0.3009999999999998,0.1,[-0.4881089108910875]
358,-0.49900000000000017,0.1,[-0.48612871287128545]
359,-0.6990000000000002,0.1,[-0.48612871287128545]
360,-0.6990000000000002,0.1,[-0.4861287128712854]
361,-0.6990000000000002,0.1,[-0.4861287128712854]
362,-0.6990000000000002,0.1,[-0.48612871287128545]
363,-0.6990000000000002,0.1,[-0.48612871287128545]
364,-0.6990000000000002,0.1,[-0.48612871287128545]
365,-0.6990000000000002,0.1,[-0.4861287128712854]
366,-0.29900000000000015,0.1,[-0.48216831683168154]
367,-0.29900000000000015,0.1,[-0.4782079207920776]
368,-0.6990000000000002,0.1,[-0.4782079207920776]
369,0.3009999999999998,0.1,[-0.4702871287128696]
370,0.3009999999999998,0.1,[-0.46038613861385974]
371,-0.6990000000000002,0.1,[-0.46038613861385974]
372,-0.49900000000000017,0.1,[-0.45840594059405776]
373,-0.6990000000000002,0.1,[-0.45840594059405776]
374,0.5020000000000218,0.1,[-0.4504752475247506]
375,-0.49900000000000017,0.1,[-0.4484950495049487]
376,-0.6990000000000002,0.1,[-0.4484950495049487]
377,-0.6990000000000002,0.1,[-0.4484950495049486]
378,-0.49900000000000017,0.1,[-0.4484950495049487]
379,-0.49900000000000017,0.1,[-0.44651485148514675]
380,-0.29900000000000015,0.1,[-0.4425544554455427]
381,-0.6990000000000002,0.1,[-0.4425544554455427]
382,1.002000000000021,0.1,[-0.42571287128712665]
383,-0.6990000000000002,0.1,[-0.42769306930692863]
384,-0.6990000000000002,0.1,[-0.4276930693069285]
385,-0.6990000000000002,0.1,[-0.4445247524752456]
386,0.5010000000000219,0.1,[-0.4326435643564336]
387,-0.49900000000000017,0.1,[-0.44254455445544366]
388,1.501000000000022,0.1,[-0.4207623762376217]
389,-0.49900000000000017,0.1,[-0.41878217821781977]
390,-0.6990000000000002,0.1,[-0.41878217821781977]
391,-0.6070000000000001,0.1,[-0.4178712871287109]
392,-0.6990000000000002,0.1,[-0.4178712871287108]
393,-0.29900000000000015,0.1,[-0.4139108910891069]
394,-0.0990000000000002,0.1,[-0.40797029702970083]
395,-0.6990000000000002,0.1,[-0.40797029702970083]
396,-0.6990000000000002,0.1,[-0.40797029702970083]
397,-0.4210000000000001,0.1,[-0.4052178217821761]
398,-0.6990000000000002,0.1,[-0.415118811881186]
399,-0.6990000000000002,0.1,[-0.431950495049503]
400,-0.6990000000000002,0.1,[-0.43393069306930504]
401,-0.29900000000000015,0.1,[-0.4299702970297011]
402,-0.6990000000000002,0.1,[-0.4299702970297011]
403,-0.6990000000000002,0.1,[-0.4299702970297011]
404,-0.6990000000000002,0.1,[-0.43393069306930504]
405,-0.6990000000000002,0.1,[-0.4339306930693051]
406,-0.6990000000000002,0.1,[-0.43393069306930504]
407,0.5010000000000219,0.1,[-0.422049504950493]
408,-0.6990000000000002,0.1,[-0.42402970297029496]
409,-0.6990000000000002,0.1,[-0.44086138613861203]
410,-0.6990000000000002,0.1,[-0.440861386138612]
411,-0.49900000000000017,0.1,[-0.43888118811881005]
412,0.5010000000000192,0.1,[-0.426999999999998]
413,-0.29900000000000015,0.1,[-0.42303960396039403]
414,-0.49900000000000017,0.1,[-0.42105940594059205]
415,-0.49900000000000017,0.1,[-0.41907920792079006]
416,0.8010000000000197,0.1,[-0.4042277227722751]
417,-0.6990000000000002,0.1,[-0.4042277227722751]
418,-0.6990000000000002,0.1,[-0.4062079207920771]
419,-0.6990000000000002,0.1,[-0.40620792079207696]
420,-0.6990000000000002,0.1,[-0.40620792079207696]
421,-0.6990000000000002,0.1,[-0.40620792079207696]
422,-0.6990000000000002,0.1,[-0.40620792079207696]
423,-0.09900000000000009,0.1,[-0.400267326732671]
424,0.8010000000000037,0.1,[-0.38541584158415615]
425,-0.6990000000000002,0.1,[-0.3873960396039582]
426,-0.09900000000000009,0.1,[-0.3854158415841561]
427,-0.29900000000000015,0.1,[-0.38145544554455213]
428,-0.6990000000000002,0.1,[-0.38145544554455224]
429,-0.29900000000000015,0.1,[-0.3774950495049482]
430,-0.6990000000000002,0.1,[-0.3794752475247502]
431,-0.6990000000000002,0.1,[-0.3794752475247502]
432,-0.49900000000000017,0.1,[-0.40422772277227526]
433,-0.6990000000000002,0.1,[-0.40422772277227526]
434,-0.6990000000000002,0.1,[-0.4210594059405922]
435,-0.6990000000000002,0.1,[-0.4210594059405922]
436,-0.6990000000000002,0.1,[-0.4230396039603942]
437,-0.49900000000000017,0.1,[-0.43591089108910724]
438,-0.49900000000000017,0.1,[-0.4339306930693053]
439,-0.6990000000000002,0.1,[-0.4339306930693053]
440,-0.6990000000000002,0.1,[-0.4339306930693052]
441,-0.49900000000000017,0.1,[-0.43195049504950334]
442,-0.29900000000000015,0.1,[-0.42997029702970135]
443,-0.3,0.1,[-0.4260198019801964]
444,1.0010000000000219,0.1,[-0.4091881188118792]
445,0.3009999999999998,0.1,[-0.4012673267326714]
446,-0.6990000000000002,0.1,[-0.40126732673267135]
447,-0.3,0.1,[-0.39929702970296843]
448,-0.49900000000000017,0.1,[-0.3973168316831664]
449,-0.6990000000000002,0.1,[-0.4161287128712854]
450,2.0010000000000217,0.1,[-0.3893960396039585]
451,-0.49900000000000017,0.1,[-0.38741584158415654]
452,-0.6990000000000002,0.1,[-0.38741584158415654]
453,-0.6990000000000002,0.1,[-0.3893960396039585]
454,-0.6990000000000002,0.1,[-0.4032574257425725]
455,-0.6990000000000002,0.1,[-0.4032574257425724]
456,1.0010000000000219,0.1,[-0.38642574257425544]
457,-0.6990000000000002,0.1,[-0.38642574257425544]
458,1.782,0.1,[-0.3717623762376218]
459,-0.6990000000000002,0.1,[-0.3737425742574237]
460,-0.6990000000000002,0.1,[-0.3737425742574237]
461,-0.6990000000000002,0.1,[-0.3737425742574237]
462,-0.49900000000000017,0.1,[-0.37176237623762176]
463,1.0010000000000219,0.1,[-0.35493069306930475]
464,-0.6990000000000002,0.1,[-0.35493069306930475]
465,-0.6990000000000002,0.1,[-0.35493069306930475]
466,1.0010000000000219,0.1,[-0.33809900990098773]
467,-0.09999999999999998,0.1,[-0.3361287128712847]
468,-0.6990000000000002,0.1,[-0.34008910891088867]
469,-0.49900000000000017,0.1,[-0.33810891089108674]
470,-0.6990000000000002,0.1,[-0.34800990099009665]
471,-0.6990000000000002,0.1,[-0.35791089108910645]
472,-0.6990000000000002,0.1,[-0.3579108910891064]
473,-0.29900000000000015,0.1,[-0.35593069306930447]
474,-0.6990000000000002,0.1,[-0.35593069306930447]
475,-0.6990000000000002,0.1,[-0.3678217821782155]
476,1.0010000000000219,0.1,[-0.3529702970297005]
477,1.0010000000000219,0.1,[-0.3361386138613835]
478,-0.6990000000000002,0.1,[-0.3361386138613835]
479,0.8010000000000206,0.1,[-0.3232673267326704]
480,-0.6990000000000002,0.1,[-0.3252475247524724]
481,-0.49900000000000017,0.1,[-0.32722772277227447]
482,-0.6990000000000002,0.1,[-0.3272277227722744]
483,-0.6990000000000002,0.1,[-0.3440693069306904]
484,-0.4990000000000001,0.1,[-0.34208910891088845]
485,1.0010000000000219,0.1,[-0.32525742574257144]
486,0.8010000000000215,0.1,[-0.31040594059405635]
487,-0.6990000000000002,0.1,[-0.3222871287128684]
488,0.7050000000000192,0.1,[-0.3103663366336603]
489,1.0010000000000219,0.1,[-0.31531683168316527]
490,-0.6990000000000002,0.1,[-0.3172970297029672]
491,-0.6990000000000002,0.1,[-0.31729702970296725]
492,-0.29900000000000015,0.1,[-0.31424752475247214]
493,2.002000000000022,0.1,[-0.28750495049504626]
494,1.0010000000000219,0.1,[-0.27463366336633316]
495,-0.6990000000000002,0.1,[-0.28057425742573916]
496,1.401000000000022,0.1,[-0.25978217821781807]
497,1.1240000000000026,0.1,[-0.24173267326732295]
498,0.5010000000000219,0.1,[-0.23260396039603565]
499,-0.49900000000000017,0.1,[-0.23062376237623367]
500,-0.6990000000000002,0.1,[-0.23062376237623367]
501,-0.6990000000000002,0.1,[-0.23062376237623367]
502,-0.29900000000000015,0.1,[-0.23062376237623367]
503,0.891,0.1,[-0.2148811881188079]
504,1.0010000000000219,0.1,[-0.19804950495049092]
505,1.7000000000000002,0.1,[-0.17429702970296615]
506,0.5010000000000219,0.1,[-0.16241584158415406]
507,-0.29900000000000015,0.1,[-0.15845544554455004]
508,1.0010000000000219,0.1,[-0.15350495049504512]
509,-0.6990000000000002,0.1,[-0.15350495049504512]
510,-0.6990000000000002,0.1,[-0.15350495049504512]
511,-0.6990000000000002,0.1,[-0.15350495049504512]
512,-0.29900000000000015,0.1,[-0.15152475247524314]
513,-0.6990000000000002,0.1,[-0.1634059405940552]
514,-0.6990000000000002,0.1,[-0.1673663366336592]
515,-0.316,0.1,[-0.16555445544554034]
516,-0.6990000000000002,0.1,[-0.16753465346534235]
517,0.8010000000000148,0.1,[-0.16753465346534238]
518,-0.6990000000000002,0.1,[-0.1675346534653424]
519,-0.6990000000000002,0.1,[-0.1675346534653424]
520,-0.6990000000000002,0.1,[-0.1675346534653424]
521,1.3390000000000066,0.1,[-0.14735643564356016]
522,1.2120000000000202,0.1,[-0.12843564356435203]
523,-0.49900000000000017,0.1,[-0.12645544554455007]
524,-0.49900000000000017,0.1,[-0.13041584158415404]
525,-0.6990000000000002,0.1,[-0.1452673267326689]
526,1.0010000000000219,0.1,[-0.12843564356435186]
527,-0.09900000000000009,0.1,[-0.1284356435643519]
528,1.0010000000000219,0.1,[-0.11556435643563875]
529,-0.6990000000000002,0.1,[-0.11556435643563875]
530,-0.6990000000000002,0.1,[-0.11952475247524272]
531,-0.29900000000000015,0.1,[-0.11556435643563875]
532,-0.534,0.1,[-0.11393069306930212]
533,-0.29900000000000015,0.1,[-0.11195049504950014]
534,-0.3,0.1,[-0.1079999999999952]
535,-0.29900000000000015,0.1,[-0.10403960396039123]
536,-0.6990000000000002,0.1,[-0.10403960396039125]
537,-0.6990000000000002,0.1,[-0.10403960396039123]
538,1.1260000000000052,0.1,[-0.08795049504950009]
539,1.2010000000000218,0.1,[-0.07111881188118303]
540,1.1340000000000072,0.1,[-0.05297029702969781]
541,0.7,0.1,[-0.03911881188118298]
542,1.3670000000000035,0.1,[-0.020643564356430447]
543,-0.6990000000000002,0.1,[-0.024603960396034404]
544,-0.29900000000000015,0.1,[-0.024594059405935387]
545,-0.6990000000000002,0.1,[-0.04142574257425243]
546,0.8010000000000121,0.1,[-0.036475247524747366]
547,-0.6990000000000002,0.1,[-0.03647524752474738]
548,-0.6990000000000002,0.1,[-0.04042574257425233]
549,-0.49900000000000017,0.1,[-0.040425742574252334]
550,-0.311,0.1,[-0.03658415841583649]
551,-0.6990000000000002,0.1,[-0.06331683168316343]
552,0.8010000000000095,0.1,[-0.05044554455445046]
553,-0.329,0.1,[-0.04678217821781679]
554,-0.6990000000000002,0.1,[-0.04678217821781679]
555,1.2010000000000218,0.1,[-0.027970297029697767]
556,0.8010000000000126,0.1,[-0.013118811881182791]
557,-0.6990000000000002,0.1,[-0.029950495049499832]
558,-0.15900000000000003,0.1,[-0.024603960396034488]
559,-0.6990000000000002,0.1,[-0.049168316831678036]
560,-0.6990000000000002,0.1,[-0.04916831683167804]
561,2.201000000000022,0.1,[-0.020455445544549124]
562,-0.29900000000000015,0.1,[-0.016495049504945167]
563,-0.6990000000000002,0.1,[-0.01847524752474714]
564,-0.6990000000000002,0.1,[-0.0353069306930642]
565,1.2010000000000218,0.1,[-0.016495049504945167]
566,0.5010000000000219,0.1,[-0.0046138613861330694]
567,-0.49900000000000017,0.1,[-0.019465346534648136]
568,-0.6990000000000002,0.1,[-0.025396039603955065]
569,0.3009999999999998,0.1,[-0.01549504950494516]
570,-0.6990000000000002,0.1,[-0.017475247524747148]
571,1.2010000000000218,0.1,[0.00133663366337189]
572,-0.0990000000000002,0.1,[0.007277227722777828]
573,-0.29900000000000015,0.1,[0.011237623762381781]
574,-0.29900000000000015,0.1,[0.011237623762381785]
575,-0.29900000000000015,0.1,[0.015198019801985752]
576,-0.29900000000000015,0.1,[0.019158415841589695]
577,1.0010000000000219,0.1,[0.01915841584158971]
578,1.301000000000022,0.1,[0.022128712871292682]
579,1.0010000000000219,0.1,[0.038960396039609727]
580,0.8010000000000175,0.1,[0.03896039603960969]
581,-0.6990000000000002,0.1,[0.03896039603960971]
582,0.5010000000000219,0.1,[0.04886138613861982]
583,-0.6990000000000002,0.1,[0.04886138613861982]
584,-0.6990000000000002,0.1,[0.04886138613861984]
585,-0.6990000000000002,0.1,[0.04688118811881785]
586,-0.35600000000000004,0.1,[0.033445544554461186]
587,1.2010000000000165,0.1,[0.037405940594065094]
588,1.0010000000000219,0.1,[0.054237623762382156]
589,-0.6990000000000002,0.1,[0.04033663366337204]
590,2.3740000000000028,0.1,[0.053930693069312446]
591,-0.5,0.1,[0.05590099009901541]
592,-0.6990000000000002,0.1,[0.05590099009901541]
593,0.8010000000000206,0.1,[0.06679207920792653]
594,2.4850000000000128,0.1,[0.0715742574257482]
595,-0.4990000000000001,0.1,[0.05672277227723313]
596,-0.29900000000000015,0.1,[0.06068316831683711]
597,-0.134,0.1,[0.045485148514856695]
598,-0.6990000000000002,0.1,[0.027435643564361623]
599,0.8010000000000217,0.1,[0.0304059405940646]
600,-0.0990000000000002,0.1,[0.034366336633668546]
601,-0.6990000000000002,0.1,[0.03436633663366855]
602,0.8620000000000125,0.1,[0.04982178217822313]
603,-0.09900000000000009,0.1,[0.051801980198025115]
604,0.8999999999999999,0.1,[0.0518910891089162]
605,0.3009999999999998,0.1,[0.04496039603960906]
606,-0.6990000000000002,0.1,[0.02120792079208429]
607,-0.49900000000000017,0.1,[0.011306930693074164]
608,0.9690000000000021,0.1,[0.023861386138618747]
609,1.0010000000000219,0.1,[0.023861386138618754]
610,-0.09900000000000009,0.1,[0.02980198019802469]
611,-0.5,0.1,[0.03177227722772766]
612,-0.6990000000000002,0.1,[0.03177227722772765]
613,0.7010000000000203,0.1,[0.04167326732673776]
614,0.5020000000000129,0.1,[0.05356435643564878]
615,1.0010000000000219,0.1,[0.07039603960396582]
616,0.5010000000000108,0.1,[0.07848514851485701]
617,-0.29900000000000015,0.1,[0.08244554455446099]
618,-0.6990000000000002,0.1,[0.06759405940594597]
619,1.501000000000022,0.1,[0.08937623762376798]
620,1.2010000000000218,0.1,[0.108188118811887]
621,1.2010000000000218,0.1,[0.12700000000000605]
622,-0.49900000000000017,0.1,[0.10880198019802578]
623,0.7020000000000208,0.1,[0.10375247524753074]
624,1.7010000000000218,0.1,[0.12553465346535275]
625,-0.6990000000000002,0.1,[0.12355445544555076]
626,-0.6990000000000002,0.1,[0.12355445544555077]
627,-0.09999999999999998,0.1,[0.11265346534654067]
628,-0.6990000000000002,0.1,[0.10671287128713472]
629,-0.29900000000000015,0.1,[0.09384158415842163]
630,-0.6990000000000002,0.1,[0.09384158415842163]
631,-0.29900000000000015,0.1,[0.09780198019802559]
632,-0.6990000000000002,0.1,[0.09384158415842163]
633,1.0020000000000218,0.1,[0.10904950495050106]
634,1.7000000000000002,0.1,[0.12884158415842184]
635,-0.49900000000000017,0.1,[0.12687128712871887]
636,0.5010000000000219,0.1,[0.13479207920792702]
637,2.702000000000022,0.1,[0.16846534653465992]
638,-0.09900000000000009,0.1,[0.17440594059406583]
639,1.0010000000000219,0.1,[0.17316831683168976]
640,0.8010000000000086,0.1,[0.16920792079208571]
641,-0.29900000000000015,0.1,[0.15501980198020443]
642,1.0010000000000219,0.1,[0.15800000000000664]
643,0.7010000000000218,0.1,[0.15140594059406623]
644,-0.6990000000000002,0.1,[0.15140594059406623]
645,2.201000000000022,0.1,[0.1761584158415912]
646,2.301000000000022,0.1,[0.2058613861386211]
647,-0.6990000000000002,0.1,[0.1910099009901061]
648,-0.29900000000000015,0.1,[0.19497029702971008]
649,1.0010000000000219,0.1,[0.21180198019802715]
650,1.2010000000000218,0.1,[0.2286336633663442]
651,0.5010000000000219,0.1,[0.2366732673267404]
652,-0.29900000000000015,0.1,[0.2406336633663444]
653,-0.6990000000000002,0.1,[0.22578217821782945]
654,1.0010000000000219,0.1,[0.23895049504951282]
655,1.2420000000000173,0.1,[0.2581683168316912]
656,-0.29900000000000015,0.1,[0.24331683168317617]
657,0.7010000000000218,0.1,[0.24232673267327526]
658,-0.7290000000000001,0.1,[0.24202970297030502]
659,0.24100000000000632,0.1,[0.245990099009909]
660,-0.49900000000000017,0.1,[0.24797029702971096]
661,-0.6990000000000002,0.1,[0.24797029702971096]
662,-0.49900000000000017,0.1,[0.22123762376238407]
663,0.502000000000018,0.1,[0.22916831683169112]
664,-0.09999999999999998,0.1,[0.23509900990099802]
665,-0.6990000000000002,0.1,[0.235099009900998]
666,0.5010000000000219,0.1,[0.2281683168316911]
667,-0.49900000000000017,0.1,[0.21826732673268098]
668,-0.49900000000000017,0.1,[0.21826732673268098]
669,0.8010000000000215,0.1,[0.2331188118811961]
670,-0.09900000000000009,0.1,[0.2291584158415921]
671,-0.6990000000000002,0.1,[0.22915841584159213]
672,-0.49900000000000017,0.1,[0.21232673267327504]
673,1.0010000000000219,0.1,[0.2232178217821862]
674,1.0010000000000219,0.1,[0.23608910891089926]
675,1.0010000000000219,0.1,[0.2489603960396124]
676,-0.49900000000000017,0.1,[0.2469801980198104]
677,-0.6990000000000002,0.1,[0.24301980198020645]
678,-0.6990000000000002,0.1,[0.22618811881188938]
679,-0.09900000000000009,0.1,[0.21232673267327523]
680,-0.49900000000000017,0.1,[0.19747524752476017]
681,0.5010000000000139,0.1,[0.1945049504950572]
682,2.001000000000022,0.1,[0.22123762376238415]
683,-0.6990000000000002,0.1,[0.20935643564357206]
684,1.2010000000000218,0.1,[0.22816831683169106]
685,-0.29900000000000015,0.1,[0.23212871287129505]
686,-0.6990000000000002,0.1,[0.23212871287129502]
687,-0.6990000000000002,0.1,[0.22873267326733462]
688,-0.6990000000000002,0.1,[0.2099207920792156]
689,1.201000000000021,0.1,[0.2119009900990176]
690,-0.29900000000000015,0.1,[0.21586138613862155]
691,-0.29900000000000015,0.1,[0.1893960396039681]
692,1.8010000000000188,0.1,[0.21217821782179008]
693,0.3009999999999998,0.1,[0.2220792079208]
694,-0.49900000000000017,0.1,[0.20920792079208694]
695,-0.49900000000000017,0.1,[0.17966336633664126]
696,-0.49900000000000017,0.1,[0.17966336633664126]
697,-0.29900000000000015,0.1,[0.17966336633664126]
698,-0.49900000000000017,0.1,[0.17604950495050267]
699,-0.49900000000000017,0.1,[0.17802970297030468]
700,0.5010000000000212,0.1,[0.1750594059406017]
701,-0.49900000000000017,0.1,[0.17109900990099774]
702,1.0010000000000219,0.1,[0.18793069306931479]
703,-0.6990000000000002,0.1,[0.17247524752476015]
704,-0.49900000000000017,0.1,[0.16851485148515621]
705,-0.49900000000000017,0.1,[0.1546633663366413]
706,-0.29900000000000015,0.1,[0.14872277227723538]
707,0.3009999999999998,0.1,[0.15862376237624526]
708,1.2010000000000218,0.1,[0.17545544554456233]
709,-0.6990000000000002,0.1,[0.15894059405941377]
710,-0.49900000000000017,0.1,[0.1440891089108987]
711,1.001000000000015,0.1,[0.15498019801980975]
712,-0.29900000000000015,0.1,[0.15697029702971074]
713,-0.6970000000000002,0.1,[0.15699009900990873]
714,-0.49900000000000017,0.1,[0.14510891089109665]
715,-0.49900000000000017,0.1,[0.13519801980198762]
716,1.0010000000000219,0.1,[0.13519801980198765]
717,-0.49900000000000017,0.1,[0.1252970297029776]
718,-0.6990000000000002,0.1,[0.12133663366337367]
719,-0.6990000000000002,0.1,[0.12133663366337366]
720,-0.49900000000000017,0.1,[0.10153465346535365]
721,0.3009999999999998,0.1,[0.0926237623762445]
722,-0.6990000000000002,0.1,[0.07381188118812548]
723,1.0010000000000219,0.1,[0.08866336633664054]
724,2.401000000000022,0.1,[0.10548514851485838]
725,0.5010000000000219,0.1,[0.0936039603960465]
726,-0.29900000000000015,0.1,[0.09756435643565045]
727,-0.6990000000000002,0.1,[0.09756435643565047]
728,-0.09900000000000009,0.1,[0.09757425742574946]
729,-0.6990000000000002,0.1,[0.09757425742574947]
730,-0.49900000000000017,0.1,[0.09559405940594748]
731,-0.6990000000000002,0.1,[0.09559405940594748]
732,-0.6990000000000002,0.1,[0.09163366336634352]
733,1.5,0.1,[0.1134059405940663]
734,-0.6990000000000002,0.1,[0.09656435643565023]
735,-0.49900000000000017,0.1,[0.07479207920792749]
736,0.10099999999999987,0.1,[0.0807326732673334]
737,0.3009999999999998,0.1,[0.07875247524753122]
738,-0.6990000000000002,0.1,[0.04507920792079832]
739,-0.49900000000000017,0.1,[0.041118811881194366]
740,-0.49900000000000017,0.1,[0.026267326732679293]
741,-0.6990000000000002,0.1,[0.01141584158416436]
742,2.401000000000019,0.1,[0.03814851485149126]
743,-0.49900000000000017,0.1,[0.02329702970297621]
744,-0.29900000000000015,0.1,[0.01339603960396609]
745,-0.6990000000000002,0.1,[0.013396039603966087]
746,1.4430000000000123,0.1,[0.00589108910891649]
747,-0.29900000000000015,0.1,[-0.019851485148509467]
748,-0.49900000000000017,0.1,[-0.017871287128707482]
749,-0.49900000000000017,0.1,[-0.01985148514850945]
750,0.8010000000000188,0.1,[-0.021831683168311463]
751,1.426000000000014,0.1,[-0.01960396039603432]
752,-0.29900000000000015,0.1,[-0.027524752475242463]
753,-0.49900000000000017,0.1,[-0.02950495049504443]
754,0.7010000000000218,0.1,[-0.015643564356430367]
755,1.2010000000000143,0.1,[-0.013663366336628456]
756,3.5010000000000074,0.1,[0.008702970297034804]
757,-0.6990000000000002,0.1,[0.004742574257430828]
758,-0.49900000000000017,0.1,[-0.007138613861381255]
759,-0.49900000000000017,0.1,[-0.004861386138608977]
760,-0.49900000000000017,0.1,[-0.012188118811876364]
761,-0.6990000000000002,0.1,[-0.014168316831678336]
762,-0.49900000000000017,0.1,[-0.012188118811876364]
763,-0.49900000000000017,0.1,[-0.012188118811876345]
764,0.9010000000000113,0.1,[-0.00823762376237147]
765,-0.6990000000000002,0.1,[-0.014168316831678384]
766,-0.49900000000000017,0.1,[-0.01218811881187642]
767,-0.6990000000000002,0.1,[-0.024069306930688504]
768,-0.6990000000000002,0.1,[-0.0260495049504905]
769,-0.49900000000000017,0.1,[-0.026049504950490517]
770,-0.49900000000000017,0.1,[-0.0389207920792036]
771,1.211000000000018,0.1,[-0.02595049504950046]
772,-0.6990000000000002,0.1,[-0.02595049504950046]
773,-0.6990000000000002,0.1,[-0.027930693069302442]
774,-0.29900000000000015,0.1,[-0.04080198019801552]
775,1.0010000000000219,0.1,[-0.04080198019801553]
776,-0.49900000000000017,0.1,[-0.0556534653465306]
777,-0.6990000000000002,0.1,[-0.05763366336633257]
778,1.1380000000000052,0.1,[-0.03944554455445131]
779,2.201000000000022,0.1,[-0.010732673267322393]
780,0.5010000000000185,0.1,[-0.004792079207916258]
781,-0.29900000000000015,0.1,[-0.0028118811881142967]
782,-0.6990000000000002,0.1,[-0.014693069306926291]
783,-0.29900000000000015,0.1,[-0.0374653465346493]
784,0.9020000000000212,0.1,[-0.021613861386134234]
